key,key:booking,key:passenger
assigned-to-00,booking-00,passenger-00
assigned-to-01,booking-01,passenger-01
assigned-to-02,booking-02,passenger-02
assigned-to-03,booking-03,passenger-03
assigned-to-04,booking-04,passenger-04
assigned-to-05,booking-05,passenger-05
assigned-to-06,booking-06,passenger-06
assigned-to-07,booking-07,passenger-07
assigned-to-08,booking-08,passenger-08
assigned-to-09,booking-09,passenger-09
assigned-to-10,booking-10,passenger-10
assigned-to-11,booking-10,passenger-11
assigned-to-12,booking-11,passenger-11
assigned-to-13,booking-12,passenger-11
assigned-to-14,booking-13,passenger-12
assigned-to-15,booking-14,passenger-13
assigned-to-16,booking-15,passenger-14
assigned-to-17,booking-16,passenger-15
assigned-to-18,booking-17,passenger-16
assigned-to-19,booking-18,passenger-17
assigned-to-20,booking-18,passenger-18
assigned-to-21,booking-18,passenger-19
assigned-to-22,booking-18,passenger-20
assigned-to-23,booking-18,passenger-21
assigned-to-24,booking-20,passenger-22
assigned-to-25,booking-20,passenger-23
assigned-to-26,booking-20,passenger-24
assigned-to-27,booking-20,passenger-25
assigned-to-28,booking-20,passenger-26
assigned-to-29,booking-20,passenger-27
assigned-to-30,booking-20,passenger-28
assigned-to-31,booking-20,passenger-29
assigned-to-32,booking-20,passenger-30
assigned-to-33,booking-20,passenger-31
assigned-to-34,booking-20,passenger-32
assigned-to-35,booking-20,passenger-33
assigned-to-36,booking-19,passenger-34
