key,key:maintenanceRecord,key:task
involved-in-01,maintenance-record-01,task-01
involved-in-02,maintenance-record-01,task-02
involved-in-03,maintenance-record-01,task-03
involved-in-04,maintenance-record-02,task-02
involved-in-05,maintenance-record-02,task-04
involved-in-06,maintenance-record-03,task-05
involved-in-07,maintenance-record-04,task-05
involved-in-08,maintenance-record-05,task-05
involved-in-09,maintenance-record-07,task-05
involved-in-10,maintenance-record-08,task-05
involved-in-11,maintenance-record-09,task-05
involved-in-12,maintenance-record-10,task-05
involved-in-13,maintenance-record-11,task-05
involved-in-14,maintenance-record-12,task-05
involved-in-15,maintenance-record-13,task-05
involved-in-16,maintenance-record-14,task-05
involved-in-17,maintenance-record-15,task-05
involved-in-18,maintenance-record-16,task-05
involved-in-19,maintenance-record-17,task-05
involved-in-20,maintenance-record-18,task-05
involved-in-21,maintenance-record-19,task-05
involved-in-22,maintenance-record-20,task-05
involved-in-23,maintenance-record-21,task-05
involved-in-24,maintenance-record-22,task-05
involved-in-25,maintenance-record-23,task-05
involved-in-26,maintenance-record-24,task-05
involved-in-27,maintenance-record-25,task-05
involved-in-28,maintenance-record-26,task-05
involved-in-29,maintenance-record-27,task-05
involved-in-30,maintenance-record-28,task-05
involved-in-31,maintenance-record-29,task-05
involved-in-32,maintenance-record-30,task-05
